7237, Period(java.util.Calendar, java.util.Calendar), 2.0, 7233, 
7238, Period(java.util.Calendar, java.util.Calendar, java.util.Calendar, java.util.Calendar), 4.0, 7233, 
7252, StubType(boolean, boolean), 2.0, 7251, 
7257, ScheduleException(java.lang.Throwable, java.lang.String), 2.0, 7255, 
7261, generateSchedule(java.util.Calendar, org.jfin.date.StubType, java.lang.String, org.jfin.date.Frequency), 4.0, 7260, 
7262, generateSchedule(java.lang.String, org.jfin.date.Frequency, java.util.Calendar, org.jfin.date.StubType, int, org.jfin.date.Tenor), 5.0, 7260, 
7263, generateSchedule(org.jfin.date.Period, org.jfin.date.Frequency, org.jfin.date.StubType, java.util.Calendar, java.lang.String), 5.0, 7260, 
7264, generateSchedule(java.lang.String, int, org.jfin.date.Frequency, org.jfin.date.StubType, java.util.Calendar, org.jfin.date.Period, org.jfin.date.Tenor), 6.0, 7260, 
7265, generateSchedule(org.jfin.date.Frequency, org.jfin.date.StubType, org.jfin.date.Tenor, java.util.Calendar), 4.0, 7260, 
7266, generateSchedule(org.jfin.date.Frequency, org.jfin.date.Tenor, int, org.jfin.date.StubType, java.util.Calendar, java.util.Calendar), 5.0, 7260, 
7267, generateSchedule(org.jfin.date.Frequency, org.jfin.date.Period, java.util.Calendar, org.jfin.date.Tenor, org.jfin.date.StubType), 5.0, 7260, 
7268, generateSchedule(org.jfin.date.Frequency, org.jfin.date.Tenor, java.util.Calendar, int, org.jfin.date.StubType, org.jfin.date.Period, java.util.Calendar), 6.0, 7260, 
7269, generateSchedule(org.jfin.date.Frequency, org.jfin.date.StubType, java.util.Calendar, java.util.Calendar), 4.0, 7260, 
7270, generateSchedule(org.jfin.date.Frequency, int, java.util.Calendar, org.jfin.date.StubType, java.util.Calendar), 5.0, 7260, 
7271, generateSchedule(org.jfin.date.Period, java.util.Calendar, org.jfin.date.StubType, org.jfin.date.Frequency, java.util.Calendar), 5.0, 7260, 
7272, generateSchedule(int, java.util.Calendar, org.jfin.date.Frequency, org.jfin.date.StubType, org.jfin.date.Period, java.util.Calendar), 6.0, 7260, 
7273, generateSchedule(java.util.Calendar, java.util.Calendar, org.jfin.date.StubType, int, int), 5.0, 7260, 
7274, generateSchedule(int, java.util.Calendar, int, org.jfin.date.StubType, int, java.util.Calendar, org.jfin.date.Period), 6.0, 7260, 
7275, generateSchedule(java.util.Calendar, int, java.util.Calendar, org.jfin.date.StubType, int, org.jfin.date.Period), 6.0, 7260, 
7282, arrayContainsString(String[], java.lang.String, int), 2.0, 7279, 
7283, Tenor(int, int), 2.0, 7279, 
7293, TypedScheduleGenerator(org.jfin.date.Period, int), 2.0, 7291, 
7298, generateSchedule(java.lang.String, org.jfin.date.StubType, java.util.Calendar, org.jfin.date.Frequency, org.jfin.date.Tenor), 4.0, 7291, 
7299, generateSchedule(org.jfin.date.Tenor, org.jfin.date.Frequency, java.util.Calendar, org.jfin.date.StubType, java.util.Calendar), 4.0, 7291, 
7300, generateSchedule(java.util.Calendar, java.util.Calendar, org.jfin.date.Frequency, org.jfin.date.StubType), 4.0, 7291, 
7301, generateSchedule(org.jfin.date.StubType, java.util.Calendar, int, int, java.util.Calendar), 5.0, 7291, 
7302, generateScheduleInternal(java.util.Calendar, java.util.Calendar, java.util.Calendar, boolean, org.jfin.date.StubType, int, int, java.util.Calendar, org.jfin.date.Period, int, boolean, java.util.Calendar, java.util.List), 5.0, 7291, 
7303, createPeriod(boolean, java.util.Calendar, java.util.Calendar, java.util.Calendar, java.util.Calendar, org.jfin.date.Initialisable, org.jfin.date.Period), 5.0, 7291, 
7304, addPeriodToSchedule(boolean, org.jfin.date.Period, java.util.List), 3.0, 7291, 
7306, isEqual(java.util.Calendar, java.util.Calendar), 2.0, 7291, 
7307, isBeyond(boolean, java.util.Calendar, java.util.Calendar), 3.0, 7291, 
7310, cutSchedules(java.util.List, java.util.List, java.util.List, org.jfin.date.Period), 2.0, 7309, 
7311, cutScheduleByDates(java.util.List, java.util.List, int, org.jfin.date.Period, java.util.List, org.jfin.date.Period, org.jfin.date.Period), 2.0, 7309, 
7312, cutPeriodByDates(org.jfin.date.Period, java.util.List, org.jfin.date.Period, java.util.List, org.jfin.date.Period, java.util.Calendar), 2.0, 7309, 
7313, periodContainsDate(java.util.Calendar, org.jfin.date.Period), 2.0, 7309, 
7316, Frequency(java.lang.String, int, int), 3.0, 7315, 
7321, compare(org.jfin.date.Period, org.jfin.date.Period), 2.0, 7320, 
7325, calculateDaycountFraction(java.util.Calendar, java.util.Calendar, java.util.Calendar), 2.0, 7324, 
7326, calculateDaycountFraction(java.util.Calendar, java.util.Calendar, java.util.Calendar, java.util.Calendar), 4.0, 7324, 
7329, calculateDaycountFraction(java.util.Calendar, java.util.Calendar, int, java.util.Calendar, int, int, int, int, int), 2.0, 7328, 
7330, calculateDaycountFraction(java.util.Calendar, java.util.Calendar, java.util.Calendar, java.util.Calendar), 4.0, 7328, 
7333, calculateDaycountFraction(java.util.Calendar, java.util.Calendar, java.util.Calendar, double, java.util.List, int[], int[], int), 2.0, 7332, 
7334, calculateDaycountFraction(java.util.Calendar, java.util.Calendar, java.util.Calendar, java.util.Calendar), 4.0, 7332, 
7335, getPeriods(java.util.Calendar, java.util.Calendar, java.util.Calendar, java.util.Calendar, java.util.Calendar, java.util.List), 2.0, 7332, 
7352, calculateDaycountFraction(java.util.Calendar, java.util.Calendar, java.util.Calendar, double, double, java.util.Calendar, java.util.Calendar), 2.0, 7351, 
7353, calculateDaycountFraction(java.util.Calendar, java.util.Calendar, java.util.Calendar, java.util.Calendar), 4.0, 7351, 
7356, calculateDaycountFraction(java.util.Calendar, java.util.Calendar, java.util.Calendar), 2.0, 7355, 
7357, calculateDaycountFraction(java.util.Calendar, java.util.Calendar, java.util.Calendar, java.util.Calendar), 4.0, 7355, 
7360, calculateDaycountFraction(int, java.util.Calendar, int, java.util.Calendar, int, java.util.Calendar, int, int, int, int), 2.0, 7359, 
7361, calculateDaycountFraction(java.util.Calendar, java.util.Calendar, java.util.Calendar, java.util.Calendar), 4.0, 7359, 
7364, calculateDaycountFraction(java.util.Calendar, java.util.Calendar), 2.0, 7363, 
7365, calculateDaycountFraction(java.util.Calendar, java.util.Calendar, java.util.Calendar, java.util.Calendar, double, double, java.util.Calendar, double, java.util.Calendar, long, double, java.util.Calendar, int, java.util.Calendar, java.util.Calendar, int, long, java.util.Calendar), 4.0, 7363, 
7369, calculateDaycountFraction(java.util.Calendar, long, java.util.Calendar, java.util.Calendar, org.jfin.date.holiday.HolidayCalendarException), 2.0, 7367, 
7372, calculateDaycountFraction(java.util.Calendar, java.util.Calendar, java.util.Calendar, java.util.Calendar), 4.0, 7367, 
7374, calculateDaycountFraction(java.util.Calendar, java.util.Calendar, java.util.Calendar), 2.0, 7373, 
7375, calculateDaycountFraction(java.util.Calendar, java.util.Calendar, java.util.Calendar, java.util.Calendar), 4.0, 7373, 
7378, calculateDaycountFraction(int, java.util.Calendar, int, java.util.Calendar, java.util.Calendar, int, boolean, int, int, int, int, boolean), 2.0, 7377, 
7379, calculateDaycountFraction(java.util.Calendar, java.util.Calendar, java.util.Calendar, java.util.Calendar), 4.0, 7377, 
7385, DaycountException(java.lang.String, java.lang.Throwable), 2.0, 7382, 
7404, calculateDaycountFraction(java.util.Calendar, java.util.Calendar), 2.0, 7402, 
7405, calculateDaycountFraction(java.util.Calendar, java.util.Calendar, java.util.Calendar, java.util.Calendar), 4.0, 7402, 
7406, daysBetween(java.util.Calendar, java.util.Calendar), 2.0, 7402, 
7412, formatFixedLength(java.lang.String, java.util.Calendar, int, int), 2.0, 7408, 
7434, addAll(int, java.util.Collection), 2.0, 7417, 
7439, set(int, org.jfin.date.accrual.AccrualPeriod), 2.0, 7417, 
7440, add(org.jfin.date.accrual.AccrualPeriod, int), 2.0, 7417, 
7444, subList(int, int), 2.0, 7417, 
7447, Notional(double, org.jfin.common.Iso4217Currency), 2.0, 7445, 
7480, AccrualException(java.lang.Throwable, java.lang.String), 2.0, 7477, 
7486, Payment(double, org.jfin.common.Iso4217Currency, java.util.Calendar), 3.0, 7482, 
7494, areCalendarsSameDate(java.util.Calendar, java.util.Calendar), 2.0, 7482, 
7496, getNotionalPeriodsBetween(java.util.Calendar, java.util.Calendar), 2.0, 7495, 
7501, NotionalPeriod(double, org.jfin.common.Iso4217Currency), 2.0, 7497, 
7502, NotionalPeriod(org.jfin.date.accrual.Notional, java.util.Calendar, java.util.Calendar), 3.0, 7497, 
7503, NotionalPeriod(org.jfin.common.Iso4217Currency, double, java.util.Calendar, java.util.Calendar), 4.0, 7497, 
7515, advanceBusinessDays(java.util.Calendar, int), 2.0, 7512, 
7516, advance(org.jfin.date.BusinessDayConvention, int, int, java.util.Calendar, java.util.Calendar), 4.0, 7512, 
7517, adjust(org.jfin.date.BusinessDayConvention, java.util.List, java.util.List, org.jfin.date.Period), 2.0, 7512, 
7518, adjust(org.jfin.date.BusinessDayConvention, org.jfin.date.Period, org.jfin.date.Period), 2.0, 7512, 
7519, adjust(org.jfin.date.BusinessDayConvention, java.util.Calendar), 2.0, 7512, 
7520, adjust(java.util.Calendar, java.util.Calendar, org.jfin.date.BusinessDayConvention, java.util.Calendar), 3.0, 7512, 
7524, getBusinessDaysBetween(java.util.Calendar, org.jfin.date.holiday.HolidayCalendarException, java.util.Calendar, java.util.Calendar, long), 2.0, 7512, 
7527, HolidayCalendarException(java.lang.String, java.lang.Throwable), 2.0, 7525, 
7534, getHolidayCalendar(java.lang.String, java.lang.Class), 2.0, 7530, 
7535, getHolidayCalendar(String[], java.lang.Class, org.jfin.date.holiday.HolidayCalendar, int, org.jfin.date.holiday.HolidayCalendarSet), 2.0, 7530, 
7574, HolidayFileEntry(org.jfin.date.holiday.financialcalendarimpl.InfoFile, java.lang.String), 2.0, 7572, 
7575, HolidayFileEntry(java.lang.String, org.jfin.date.holiday.financialcalendarimpl.InfoFileEntry, java.lang.String), 3.0, 7572, 
7576, parse(String[], java.lang.String, org.jfin.date.holiday.financialcalendarimpl.InfoFile), 2.0, 7572, 
7585, getReference(java.lang.String, java.lang.String), 2.0, 7572, 
7590, getHolidayCalendar(java.lang.String, java.lang.Class), 2.0, 7587, 
7598, HolidayFile(java.io.File, org.jfin.date.holiday.financialcalendarimpl.InfoFile), 2.0, 7596, 
7599, load(java.lang.String, org.jfin.date.holiday.financialcalendarimpl.InfoFile, java.io.File, java.io.BufferedReader, org.jfin.date.holiday.financialcalendarimpl.HolidayFileEntry), 2.0, 7596, 
7610, FinancialCalendarHolidayCalendar(java.lang.String, org.jfin.date.holiday.financialcalendarimpl.HolidayFile), 2.0, 7609, 
7620, Iso4217Currency(java.lang.String, java.lang.String), 2.0, 7618, 
7621, Iso4217Currency(java.lang.String, Iso3166Country[]), 2.0, 7618, 
7622, Iso4217Currency(Iso3166Country[], java.lang.String, java.lang.String), 3.0, 7618, 
7623, Iso4217Currency(Iso3166Country[], java.lang.String, org.jfin.common.Iso4217Currency), 3.0, 7618, 
7624, Iso4217Currency(java.lang.String, Iso3166Country[], java.lang.String, org.jfin.common.Iso4217Currency), 4.0, 7618, 
7625, Iso4217Currency(java.lang.String, org.jfin.common.Iso4217Currency), 2.0, 7618, 
7626, Iso4217Currency(java.lang.String, org.jfin.common.Iso4217Currency, java.lang.String), 3.0, 7618, 
7661, Iso3166Country(int, java.lang.String, java.lang.String), 3.0, 7660, 
7699, FlatNotionalSchedule(org.jfin.common.Iso4217Currency, double), 2.0, 7696, 
7704, getNotionalPeriodsBetween(java.util.Calendar, java.util.Calendar, org.jfin.date.accrual.NotionalPeriod, java.util.List), 2.0, 7696, 
7712, getHolidayCalendar(java.lang.Class, java.lang.String), 2.0, 7710, 
