7246, GrammerException(int, java.lang.String, int, int), 4.0, 7244, 
7248, GrammerException(java.lang.String, int, int), 3.0, 7244, 
7255, addFieldref(int, int, int, java.lang.String, java.lang.String, java.lang.String), 3.0, 7250, 
7258, addInterfaceMethodref(int, int, int, java.lang.String, java.lang.String, java.lang.String, java.lang.String), 4.0, 7250, 
7260, addMethodref(int, int, int, java.lang.String, java.lang.String, java.lang.String, java.lang.String), 4.0, 7250, 
7263, addMethodNameAndType(int, java.lang.String, java.lang.String, int, int, java.lang.String, java.lang.String), 3.0, 7250, 
7287, parseMethodAttributes(com.jasml.classes.Attribute_Code, java.lang.String, com.jasml.classes.Method, java.util.ArrayList, com.jasml.compiler.SourceCodeParser.LabeledInstructions, java.util.ArrayList), 5.0, 7276, 
7294, getOffset(java.util.Hashtable, boolean, java.lang.String, com.jasml.classes.Attribute_Code.Opcode), 3.0, 7276, 
7308, OpcodeWrapper(java.lang.Object, int, byte, byte[][]), 4.0, 7306, 
7310, ParsingException(int, int, int, java.lang.String), 4.0, 7309, 
7311, ParsingException(int, int, java.lang.String), 3.0, 7309, 
7317, LabeledInstructions(java.util.Hashtable, int, Opcode[]), 3.0, 7316, 
7319, partialScanner(char[], int, int, int, com.jasml.compiler.Scanner, int), 5.0, 7318, 
7322, Scanner(java.lang.String, int, int), 3.0, 7318, 
7349, exception(int, int, int, java.lang.String), 4.0, 7318, 
7354, Attribute(int, int, byte[]), 3.0, 7352, 
7382, Field(int, int, Attribute[], int, int), 5.0, 7381, 
7388, ExceptionTableItem(int, int, int, int), 4.0, 7387, 
7390, Opcode(byte[][], int, byte), 3.0, 7389, 
7405, Method(int, int, int, Attribute[], int), 5.0, 7404, 
7407, Attribute_LocalVariableTable(int, LocalVariable[], int), 3.0, 7406, 
7412, LocalVariable(int, int, int, int, int), 5.0, 7411, 
7414, Attribute_LineNumberTable(LineNumber[], int, int), 3.0, 7413, 
7421, Attribute_InnerClasses(InnerClass[], int, int), 3.0, 7420, 
7423, InnerClass(int, int, int, int), 4.0, 7422, 
7432, Attribute_Exceptions(int, int[], int), 3.0, 7431, 
7467, padChar(int, java.lang.String, char, java.lang.StringBuffer, int), 3.0, 7446, 
7487, getLocalVariableName(com.jasml.classes.Attribute_LocalVariableTable.LocalVariable, int, LocalVariable[], int, int), 3.0, 7476, 
7532, SourceCodeBuilderConfiguration(boolean, boolean, boolean, boolean), 4.0, 7531, 
