7717, Field(int, int, int, Attribute[], int), 5.0, 7716, 
7719, Constant_NameAndType(int, int), 2.0, 7718, 
7725, Attribute_SourceFile(int, int), 2.0, 7724, 
7740, Attribute_LineNumberTable(int, LineNumber[], int), 3.0, 7739, 
7742, LineNumber(int, int), 2.0, 7741, 
7744, Attribute_LocalVariableTable(int, LocalVariable[], int), 3.0, 7743, 
7746, LocalVariable(int, int, int, int, int), 5.0, 7745, 
7748, Constant_Methodref(int, int), 2.0, 7747, 
7754, ExceptionTableItem(int, int, int, int), 4.0, 7753, 
7756, Opcode(byte, byte[][], int), 3.0, 7755, 
7770, Attribute_Exceptions(int[], int, int), 3.0, 7769, 
7772, Constant_InterfaceMethodref(int, int), 2.0, 7771, 
7775, Attribute(int, byte), 2.0, 7774, 
7776, Attribute(int, int, byte[]), 3.0, 7774, 
7778, Constant_Fieldref(int, int), 2.0, 7777, 
7783, Attribute_InnerClasses(int, InnerClass[], int), 3.0, 7782, 
7788, Attribute_ConstantValue(int, int), 2.0, 7787, 
7790, InnerClass(int, int, int, int), 4.0, 7789, 
7793, Method(int, int, Attribute[], int, int), 5.0, 7792, 
7805, toString(com.jasml.classes.Attribute_LocalVariableTable.LocalVariable, com.jasml.classes.Attribute_LocalVariableTable, Opcode[], java.lang.StringBuffer, int), 2.0, 7798, 
7809, getLocalVariableName(int, com.jasml.classes.Attribute_LocalVariableTable.LocalVariable, LocalVariable[], int, int), 3.0, 7798, 
7810, toString(java.util.HashSet, com.jasml.classes.Attribute_Code, int, Opcode[], int, int, LocalVariable[], int, int, int, com.jasml.classes.Attribute_Code.Opcode, int, java.lang.String, byte[][], java.lang.StringBuffer, int), 2.0, 7798, 
7828, findPreviousInstruction(Opcode[], int, int), 2.0, 7798, 
7831, SourceCodeBuilderConfiguration(boolean, boolean, boolean, boolean), 4.0, 7830, 
7858, GrammerException(int, java.lang.String), 2.0, 7857, 
7859, GrammerException(int, int, java.lang.String, int), 4.0, 7857, 
7860, GrammerException(java.lang.String, java.lang.Exception), 2.0, 7857, 
7861, GrammerException(int, int, java.lang.String), 3.0, 7857, 
7863, ParsingException(int, int, int, java.lang.String), 4.0, 7862, 
7864, ParsingException(int, int, java.lang.String), 3.0, 7862, 
7865, ParsingException(int, java.lang.String), 2.0, 7862, 
7866, ParsingException(java.lang.String, java.lang.Exception), 2.0, 7862, 
7874, addFieldref(int, int, int, java.lang.String, java.lang.String, java.lang.String), 3.0, 7869, 
7877, addInterfaceMethodref(int, int, int, java.lang.String, java.lang.String, java.lang.String, java.lang.String), 4.0, 7869, 
7879, addMethodref(int, int, int, java.lang.String, java.lang.String, java.lang.String, java.lang.String), 4.0, 7869, 
7881, addFieldNameAndType(int, java.lang.String, int, int, java.lang.String), 2.0, 7869, 
7882, addMethodNameAndType(int, java.lang.String, int, int, java.lang.String, java.lang.String, java.lang.String), 3.0, 7869, 
7896, partialScanner(char[], int, int, com.jasml.compiler.Scanner, int, int), 5.0, 7895, 
7899, Scanner(java.lang.String, int, int), 3.0, 7895, 
7925, exception(com.jasml.compiler.Scanner, java.lang.String), 2.0, 7895, 
7926, exception(int, java.lang.String, int, int), 4.0, 7895, 
7929, JavaClassDumpper(com.jasml.classes.JavaClass, java.io.File), 2.0, 7928, 
7950, parseMethodAttributes(com.jasml.classes.Attribute_Code, java.lang.String, java.util.ArrayList, java.util.ArrayList, com.jasml.classes.Method, com.jasml.compiler.SourceCodeParser.LabeledInstructions), 5.0, 7939, 
7953, updateLabelLinks(java.util.ArrayList, java.util.Hashtable, com.jasml.compiler.SourceCodeParser.OpcodeWrapper, byte[][], int, int, java.util.ArrayList, int, java.lang.String), 2.0, 7939, 
7954, parseMethodSignature(java.lang.String, com.jasml.classes.Attribute, int, com.jasml.classes.Method, java.lang.StringBuffer, java.lang.String, java.util.ArrayList, com.jasml.helper.IntegerArray), 2.0, 7939, 
7955, parseLocalVariableTable(java.lang.String, java.lang.String, int, int, com.jasml.classes.Attribute_LocalVariableTable, com.jasml.compiler.Scanner, java.lang.String, LocalVariable[], java.lang.String, java.util.Hashtable, java.util.ArrayList), 2.0, 7939, 
7956, parseExceptionTable(int, int, int, int, com.jasml.compiler.Scanner, java.lang.String, java.util.Hashtable, java.util.ArrayList), 2.0, 7939, 
7957, getOffset(java.lang.String, boolean, java.util.Hashtable, com.jasml.classes.Attribute_Code.Opcode), 3.0, 7939, 
7967, exception(java.lang.String, com.jasml.compiler.Scanner), 2.0, 7939, 
7971, OpcodeWrapper(java.lang.Object, int, byte, byte[][]), 4.0, 7969, 
7973, LabeledInstructions(int, java.util.Hashtable, Opcode[]), 3.0, 7972, 
7997, getInnerMethodDescriptor(java.lang.String, java.lang.String, java.lang.StringBuffer), 2.0, 7984, 
7999, getBytes(byte[], int, int), 2.0, 7984, 
8005, padChar(int, java.lang.String, char, java.lang.StringBuffer, int), 3.0, 7984, 
