7268, getHolidayCalendar(java.lang.String, java.lang.Class), 2.0, 7265, 
7276, HolidayFileEntry(org.jfin.date.holiday.financialcalendarimpl.InfoFile, java.lang.String), 2.0, 7274, 
7277, HolidayFileEntry(org.jfin.date.holiday.financialcalendarimpl.InfoFileEntry, java.lang.String, java.lang.String), 3.0, 7274, 
7278, parse(String[], java.lang.String, org.jfin.date.holiday.financialcalendarimpl.InfoFile), 2.0, 7274, 
7287, getReference(java.lang.String, java.lang.String), 2.0, 7274, 
7291, HolidayFile(org.jfin.date.holiday.financialcalendarimpl.InfoFile, java.io.File), 2.0, 7289, 
7292, load(java.lang.String, java.io.File, org.jfin.date.holiday.financialcalendarimpl.InfoFile, org.jfin.date.holiday.financialcalendarimpl.HolidayFileEntry, java.io.BufferedReader), 2.0, 7289, 
7296, FinancialCalendarHolidayCalendar(java.lang.String, org.jfin.date.holiday.financialcalendarimpl.HolidayFile), 2.0, 7295, 
7305, calculateDaycountFraction(java.util.Calendar, java.util.Calendar, int, int, java.util.Calendar, int, int, int, int), 2.0, 7304, 
7306, calculateDaycountFraction(java.util.Calendar, java.util.Calendar, java.util.Calendar, java.util.Calendar), 4.0, 7304, 
7309, calculateDaycountFraction(java.util.Calendar, java.util.Calendar, java.util.Calendar), 2.0, 7308, 
7310, calculateDaycountFraction(java.util.Calendar, java.util.Calendar, java.util.Calendar, java.util.Calendar), 4.0, 7308, 
7313, calculateDaycountFraction(int, java.util.Calendar, int, java.util.Calendar, int, java.util.Calendar, int, int, int, int), 2.0, 7312, 
7314, calculateDaycountFraction(java.util.Calendar, java.util.Calendar, java.util.Calendar, java.util.Calendar), 4.0, 7312, 
7317, calculateDaycountFraction(java.util.Calendar, java.util.Calendar, java.util.Calendar, double, java.util.Calendar, double, java.util.Calendar), 2.0, 7316, 
7318, calculateDaycountFraction(java.util.Calendar, java.util.Calendar, java.util.Calendar, java.util.Calendar), 4.0, 7316, 
7321, calculateDaycountFraction(java.util.Calendar, java.util.Calendar, java.util.Calendar), 2.0, 7320, 
7322, calculateDaycountFraction(java.util.Calendar, java.util.Calendar, java.util.Calendar, java.util.Calendar), 4.0, 7320, 
7325, calculateDaycountFraction(java.util.Calendar, java.util.Calendar, java.util.Calendar), 2.0, 7324, 
7326, calculateDaycountFraction(java.util.Calendar, java.util.Calendar, java.util.Calendar, java.util.Calendar), 4.0, 7324, 
7329, calculateDaycountFraction(java.util.Calendar, java.util.Calendar), 2.0, 7328, 
7330, calculateDaycountFraction(java.util.Calendar, java.util.Calendar, java.util.Calendar, java.util.Calendar, long, java.util.Calendar, double, java.util.Calendar, java.util.Calendar, java.util.Calendar, int, long, double, double, java.util.Calendar, double, int, java.util.Calendar), 4.0, 7328, 
7346, calculateDaycountFraction(java.util.Calendar, java.util.Calendar, java.util.Calendar, long, org.jfin.date.holiday.HolidayCalendarException), 2.0, 7344, 
7349, calculateDaycountFraction(java.util.Calendar, java.util.Calendar, java.util.Calendar, java.util.Calendar), 4.0, 7344, 
7351, calculateDaycountFraction(java.util.Calendar, java.util.Calendar, java.util.Calendar, java.util.List, double, int[], int, int[]), 2.0, 7350, 
7352, calculateDaycountFraction(java.util.Calendar, java.util.Calendar, java.util.Calendar, java.util.Calendar), 4.0, 7350, 
7353, getPeriods(java.util.Calendar, java.util.Calendar, java.util.Calendar, java.util.Calendar, java.util.Calendar, java.util.List), 2.0, 7350, 
7358, calculateDaycountFraction(java.util.Calendar, int, java.util.Calendar, int, java.util.Calendar, int, boolean, int, int, boolean, int, int), 2.0, 7357, 
7359, calculateDaycountFraction(java.util.Calendar, java.util.Calendar, java.util.Calendar, java.util.Calendar), 4.0, 7357, 
7366, Period(java.util.Calendar, java.util.Calendar), 2.0, 7362, 
7367, Period(java.util.Calendar, java.util.Calendar, java.util.Calendar, java.util.Calendar), 4.0, 7362, 
7382, TypedScheduleGenerator(org.jfin.date.Period, int), 2.0, 7380, 
7387, generateSchedule(java.lang.String, org.jfin.date.Frequency, java.util.Calendar, org.jfin.date.StubType, org.jfin.date.Tenor), 4.0, 7380, 
7388, generateSchedule(org.jfin.date.StubType, java.util.Calendar, org.jfin.date.Frequency, org.jfin.date.Tenor, java.util.Calendar), 4.0, 7380, 
7389, generateSchedule(java.util.Calendar, org.jfin.date.Frequency, org.jfin.date.StubType, java.util.Calendar), 4.0, 7380, 
7390, generateSchedule(org.jfin.date.StubType, int, java.util.Calendar, java.util.Calendar, int), 5.0, 7380, 
7391, generateScheduleInternal(java.util.Calendar, java.util.Calendar, boolean, java.util.Calendar, int, int, org.jfin.date.StubType, org.jfin.date.Period, boolean, java.util.Calendar, java.util.Calendar, java.util.List, int), 5.0, 7380, 
7392, createPeriod(boolean, java.util.Calendar, java.util.Calendar, java.util.Calendar, java.util.Calendar, org.jfin.date.Initialisable, org.jfin.date.Period), 5.0, 7380, 
7393, addPeriodToSchedule(boolean, org.jfin.date.Period, java.util.List), 3.0, 7380, 
7395, isEqual(java.util.Calendar, java.util.Calendar), 2.0, 7380, 
7396, isBeyond(boolean, java.util.Calendar, java.util.Calendar), 3.0, 7380, 
7399, generateSchedule(org.jfin.date.Frequency, java.util.Calendar, java.lang.String, org.jfin.date.StubType), 4.0, 7398, 
7400, generateSchedule(java.lang.String, org.jfin.date.StubType, java.util.Calendar, org.jfin.date.Frequency, int, org.jfin.date.Tenor), 5.0, 7398, 
7401, generateSchedule(org.jfin.date.Frequency, org.jfin.date.Period, java.lang.String, org.jfin.date.StubType, java.util.Calendar), 5.0, 7398, 
7403, generateSchedule(java.util.Calendar, org.jfin.date.Tenor, org.jfin.date.Frequency, org.jfin.date.StubType), 4.0, 7398, 
7404, generateSchedule(org.jfin.date.StubType, org.jfin.date.Tenor, org.jfin.date.Frequency, java.util.Calendar, int, java.util.Calendar), 5.0, 7398, 
7405, generateSchedule(org.jfin.date.StubType, org.jfin.date.Frequency, java.util.Calendar, org.jfin.date.Tenor, org.jfin.date.Period), 5.0, 7398, 
7407, generateSchedule(java.util.Calendar, org.jfin.date.Frequency, org.jfin.date.StubType, java.util.Calendar), 4.0, 7398, 
7408, generateSchedule(int, org.jfin.date.Frequency, java.util.Calendar, org.jfin.date.StubType, java.util.Calendar), 5.0, 7398, 
7409, generateSchedule(org.jfin.date.Frequency, org.jfin.date.Period, java.util.Calendar, java.util.Calendar, org.jfin.date.StubType), 5.0, 7398, 
7411, generateSchedule(int, org.jfin.date.StubType, java.util.Calendar, int, java.util.Calendar), 5.0, 7398, 
7418, Frequency(java.lang.String, int, int), 3.0, 7417, 
7425, arrayContainsString(String[], java.lang.String, int), 2.0, 7422, 
7426, Tenor(int, int), 2.0, 7422, 
7432, cutSchedules(java.util.List, java.util.List, java.util.List, org.jfin.date.Period), 2.0, 7431, 
7433, cutScheduleByDates(java.util.List, java.util.List, int, org.jfin.date.Period, java.util.List, org.jfin.date.Period, org.jfin.date.Period), 2.0, 7431, 
7434, cutPeriodByDates(org.jfin.date.Period, java.util.List, java.util.List, org.jfin.date.Period, org.jfin.date.Period, java.util.Calendar), 2.0, 7431, 
7435, periodContainsDate(org.jfin.date.Period, java.util.Calendar), 2.0, 7431, 
7438, compare(org.jfin.date.Period, org.jfin.date.Period), 2.0, 7437, 
7443, StubType(boolean, boolean), 2.0, 7442, 
7449, ScheduleException(java.lang.String, java.lang.Throwable), 2.0, 7447, 
7457, getHolidayCalendar(java.lang.Class, java.lang.String), 2.0, 7453, 
7458, getHolidayCalendar(String[], java.lang.Class, int, org.jfin.date.holiday.HolidayCalendarSet, org.jfin.date.holiday.HolidayCalendar), 2.0, 7453, 
7464, advanceBusinessDays(int, java.util.Calendar), 2.0, 7461, 
7465, advance(int, int, org.jfin.date.BusinessDayConvention, java.util.Calendar, java.util.Calendar), 4.0, 7461, 
7466, adjust(java.util.List, org.jfin.date.BusinessDayConvention, java.util.List, org.jfin.date.Period), 2.0, 7461, 
7467, adjust(org.jfin.date.BusinessDayConvention, org.jfin.date.Period, org.jfin.date.Period), 2.0, 7461, 
7468, adjust(java.util.Calendar, org.jfin.date.BusinessDayConvention), 2.0, 7461, 
7469, adjust(java.util.Calendar, java.util.Calendar, java.util.Calendar, org.jfin.date.BusinessDayConvention), 3.0, 7461, 
7473, getBusinessDaysBetween(java.util.Calendar, org.jfin.date.holiday.HolidayCalendarException, java.util.Calendar, java.util.Calendar, long), 2.0, 7461, 
7476, HolidayCalendarException(java.lang.String, java.lang.Throwable), 2.0, 7474, 
7489, getNotionalPeriodsBetween(java.util.Calendar, java.util.Calendar), 2.0, 7488, 
7493, AccrualException(java.lang.Throwable, java.lang.String), 2.0, 7490, 
7523, Payment(double, org.jfin.common.Iso4217Currency, java.util.Calendar), 3.0, 7519, 
7531, areCalendarsSameDate(java.util.Calendar, java.util.Calendar), 2.0, 7519, 
7537, NotionalPeriod(double, org.jfin.common.Iso4217Currency), 2.0, 7533, 
7538, NotionalPeriod(org.jfin.date.accrual.Notional, java.util.Calendar, java.util.Calendar), 3.0, 7533, 
7539, NotionalPeriod(org.jfin.common.Iso4217Currency, double, java.util.Calendar, java.util.Calendar), 4.0, 7533, 
7549, Notional(double, org.jfin.common.Iso4217Currency), 2.0, 7547, 
7571, addAll(int, java.util.Collection), 2.0, 7554, 
7576, set(int, org.jfin.date.accrual.AccrualPeriod), 2.0, 7554, 
7577, add(org.jfin.date.accrual.AccrualPeriod, int), 2.0, 7554, 
7581, subList(int, int), 2.0, 7554, 
7587, formatFixedLength(java.lang.String, java.util.Calendar, int, int), 2.0, 7583, 
7609, calculateDaycountFraction(java.util.Calendar, java.util.Calendar), 2.0, 7607, 
7610, calculateDaycountFraction(java.util.Calendar, java.util.Calendar, java.util.Calendar, java.util.Calendar), 4.0, 7607, 
7611, daysBetween(java.util.Calendar, java.util.Calendar), 2.0, 7607, 
7615, DaycountException(java.lang.String, java.lang.Throwable), 2.0, 7612, 
7621, FlatNotionalSchedule(double, org.jfin.common.Iso4217Currency), 2.0, 7618, 
7626, getNotionalPeriodsBetween(java.util.Calendar, java.util.Calendar, org.jfin.date.accrual.NotionalPeriod, java.util.List), 2.0, 7618, 
7662, Iso4217Currency(java.lang.String, java.lang.String), 2.0, 7660, 
7663, Iso4217Currency(Iso3166Country[], java.lang.String), 2.0, 7660, 
7664, Iso4217Currency(java.lang.String, Iso3166Country[], java.lang.String), 3.0, 7660, 
7665, Iso4217Currency(Iso3166Country[], org.jfin.common.Iso4217Currency, java.lang.String), 3.0, 7660, 
7666, Iso4217Currency(java.lang.String, org.jfin.common.Iso4217Currency, java.lang.String, Iso3166Country[]), 4.0, 7660, 
7667, Iso4217Currency(java.lang.String, org.jfin.common.Iso4217Currency), 2.0, 7660, 
7668, Iso4217Currency(org.jfin.common.Iso4217Currency, java.lang.String, java.lang.String), 3.0, 7660, 
7676, Iso3166Country(int, java.lang.String, java.lang.String), 3.0, 7675, 
7712, getHolidayCalendar(java.lang.Class, java.lang.String), 2.0, 7710, 
